{"cameraMode":{"drawMode":0,"name":"Shaded","section":"Shading Mode"},"sceneLighting":false,"audioPlay":false,"sceneViewState":{"m_AlwaysRefresh":false,"showFog":true,"showSkybox":false,"showFlares":true,"showImageEffects":true,"showParticleSystems":true,"showVisualEffectGraphs":true,"m_FxEnabled":true},"in2DMode":false,"pivot":{"x":1.4901161193847657e-8,"y":0.19175198674201966,"z":-0.07813924551010132},"rotation":{"x":-0.13573965430259705,"y":-0.5109267830848694,"z":0.08210380375385285,"w":-0.8448673486709595},"size":0.3613698184490204,"orthographic":false}